1,Kirby,Smart,45,Atlanta,USA,65000,1,10/29/19,10/29/20,1,JD
2,Tom,Bardy,35,Atlanta,USA,50000,1,10/29/19,10/29/20,1,JD
3,Julio,Johns,21,Clinton,USA,53000,1,10/29/19,10/29/20,1,JD
4,Nick,Chubb,33,Halifax,Canada,59000,1,10/29/19,10/29/20,1,JD
5,Steven,Curry,29,New York,USA,60000,1,09/15/19,09/15/20,2,Izreal
6,Natalia,LastName,25,Minsk,Belarus,63000,1,10/29/19,10/29/20,2,Izreal
7,Chris,Brown,25,Atlanta,USA,67000,1,10/29/19,10/29/20,2,Izreal
8,Adam,Chris,32,New York,USA,70000,2,10/01/19,10/01/20,3,Jacob
9,David,Blake,26,Austin,USA,45000,iOS,10/15/19,10/15/20,4,Juliet
10,John,Matt,32,Orlando,USA,59000,Exchange,09/29/29,09/29/20,5,Oscar
11,Maria,Dev,40,London,England,60000,Android,09/15/19,09/15/20,6,David
12,Cassandra,Jackson,30,Ohio,USA,67000,2,10/01/19,10/01/20,7,Jeremie
13,Christian,Wright,29,Manchester,England,66000,iOS,10/15/19,10/15/20,4,Juliet
14,Eve,Adam,42,Greensville,USA,62000,2,10/01/19,10/01/20,8,Blue
15,Jamal,Harris,34,Dallas,USA,50000,iOS,10/15/19,10/15/20,4,Juliet
16,Alex,Ledford,35,Miami,USA,61000,Exchange,09/29/29,09/29/20,5,Oscar
17,Malissa,Jorge,40,Atlanta,USA,53000,Android,09/15/19,09/15/20,6,David
18,Asad,King,35,D.C,USA,70000,Cyber Security,08/15/19,08/15/20,9,John
19,Monica,Bing,27,New York,USA,64000,Cyber Security,08/15/19,08/15/20,9,John
20,Mike,Moores,31,Blacksburg,USA,60000,Cyber Security,08/15/19,08/15/20,10,Jake
